file,url,links_added,action
C:/Projects/studyhub/output/강남구고등과외/index.html,/강남구고등과외/,7,added_hierarchy_child_links
C:/Projects/studyhub/output/강남구고등수학과외/index.html,/강남구고등수학과외/,7,added_hierarchy_child_links
C:/Projects/studyhub/output/강남구고등영어과외/index.html,/강남구고등영어과외/,7,added_hierarchy_child_links
C:/Projects/studyhub/output/강남구수학과외/index.html,/강남구수학과외/,7,added_hierarchy_child_links
C:/Projects/studyhub/output/강남구영어과외/index.html,/강남구영어과외/,7,added_hierarchy_child_links
C:/Projects/studyhub/output/강남구중등과외/index.html,/강남구중등과외/,7,added_hierarchy_child_links
C:/Projects/studyhub/output/강남구중등수학과외/index.html,/강남구중등수학과외/,7,added_hierarchy_child_links
C:/Projects/studyhub/output/강남구중등영어과외/index.html,/강남구중등영어과외/,7,added_hierarchy_child_links
C:/Projects/studyhub/output/강남구초등과외/index.html,/강남구초등과외/,7,added_hierarchy_child_links
C:/Projects/studyhub/output/강남구초등수학과외/index.html,/강남구초등수학과외/,7,added_hierarchy_child_links
C:/Projects/studyhub/output/강남구초등영어과외/index.html,/강남구초등영어과외/,7,added_hierarchy_child_links
C:/Projects/studyhub/output/강동구고등과외/index.html,/강동구고등과외/,3,added_hierarchy_child_links
C:/Projects/studyhub/output/강동구고등수학과외/index.html,/강동구고등수학과외/,3,added_hierarchy_child_links
C:/Projects/studyhub/output/강동구고등영어과외/index.html,/강동구고등영어과외/,3,added_hierarchy_child_links
C:/Projects/studyhub/output/강동구과외/index.html,/강동구과외/,3,added_hierarchy_child_links
C:/Projects/studyhub/output/강동구수학과외/index.html,/강동구수학과외/,3,added_hierarchy_child_links
C:/Projects/studyhub/output/강동구영어과외/index.html,/강동구영어과외/,3,added_hierarchy_child_links
C:/Projects/studyhub/output/강동구중등과외/index.html,/강동구중등과외/,3,added_hierarchy_child_links
C:/Projects/studyhub/output/강동구중등수학과외/index.html,/강동구중등수학과외/,3,added_hierarchy_child_links
C:/Projects/studyhub/output/강동구중등영어과외/index.html,/강동구중등영어과외/,3,added_hierarchy_child_links
C:/Projects/studyhub/output/강동구초등과외/index.html,/강동구초등과외/,3,added_hierarchy_child_links
C:/Projects/studyhub/output/강동구초등수학과외/index.html,/강동구초등수학과외/,3,added_hierarchy_child_links
C:/Projects/studyhub/output/강동구초등영어과외/index.html,/강동구초등영어과외/,3,added_hierarchy_child_links
C:/Projects/studyhub/output/강서구고등과외/index.html,/강서구고등과외/,3,added_hierarchy_child_links
C:/Projects/studyhub/output/강서구고등수학과외/index.html,/강서구고등수학과외/,3,added_hierarchy_child_links
C:/Projects/studyhub/output/강서구고등영어과외/index.html,/강서구고등영어과외/,3,added_hierarchy_child_links
C:/Projects/studyhub/output/강서구과외/index.html,/강서구과외/,3,added_hierarchy_child_links
C:/Projects/studyhub/output/강서구수학과외/index.html,/강서구수학과외/,3,added_hierarchy_child_links
C:/Projects/studyhub/output/강서구영어과외/index.html,/강서구영어과외/,3,added_hierarchy_child_links
C:/Projects/studyhub/output/강서구중등과외/index.html,/강서구중등과외/,3,added_hierarchy_child_links
C:/Projects/studyhub/output/강서구중등수학과외/index.html,/강서구중등수학과외/,3,added_hierarchy_child_links
C:/Projects/studyhub/output/강서구중등영어과외/index.html,/강서구중등영어과외/,3,added_hierarchy_child_links
C:/Projects/studyhub/output/강서구초등과외/index.html,/강서구초등과외/,3,added_hierarchy_child_links
C:/Projects/studyhub/output/강서구초등수학과외/index.html,/강서구초등수학과외/,3,added_hierarchy_child_links
C:/Projects/studyhub/output/강서구초등영어과외/index.html,/강서구초등영어과외/,3,added_hierarchy_child_links
C:/Projects/studyhub/output/경기광주고등과외/index.html,/경기광주고등과외/,1,added_hierarchy_child_links
C:/Projects/studyhub/output/경기광주고등수학과외/index.html,/경기광주고등수학과외/,1,added_hierarchy_child_links
C:/Projects/studyhub/output/경기광주고등영어과외/index.html,/경기광주고등영어과외/,1,added_hierarchy_child_links
C:/Projects/studyhub/output/경기광주과외/index.html,/경기광주과외/,1,added_hierarchy_child_links
C:/Projects/studyhub/output/경기광주수학과외/index.html,/경기광주수학과외/,1,added_hierarchy_child_links
C:/Projects/studyhub/output/경기광주영어과외/index.html,/경기광주영어과외/,1,added_hierarchy_child_links
C:/Projects/studyhub/output/경기광주중등과외/index.html,/경기광주중등과외/,1,added_hierarchy_child_links
C:/Projects/studyhub/output/경기광주중등수학과외/index.html,/경기광주중등수학과외/,1,added_hierarchy_child_links
C:/Projects/studyhub/output/경기광주중등영어과외/index.html,/경기광주중등영어과외/,1,added_hierarchy_child_links
C:/Projects/studyhub/output/경기광주초등과외/index.html,/경기광주초등과외/,1,added_hierarchy_child_links
C:/Projects/studyhub/output/경기광주초등수학과외/index.html,/경기광주초등수학과외/,1,added_hierarchy_child_links
C:/Projects/studyhub/output/경기광주초등영어과외/index.html,/경기광주초등영어과외/,1,added_hierarchy_child_links
C:/Projects/studyhub/output/경기도고등과외/index.html,/경기도고등과외/,39,added_hierarchy_child_links
C:/Projects/studyhub/output/경기도고등수학과외/index.html,/경기도고등수학과외/,39,added_hierarchy_child_links
C:/Projects/studyhub/output/경기도고등영어과외/index.html,/경기도고등영어과외/,39,added_hierarchy_child_links
C:/Projects/studyhub/output/경기도과외/index.html,/경기도과외/,36,added_hierarchy_child_links
C:/Projects/studyhub/output/경기도수학과외/index.html,/경기도수학과외/,39,added_hierarchy_child_links
C:/Projects/studyhub/output/경기도영어과외/index.html,/경기도영어과외/,39,added_hierarchy_child_links
C:/Projects/studyhub/output/경기도중등과외/index.html,/경기도중등과외/,39,added_hierarchy_child_links
C:/Projects/studyhub/output/경기도중등수학과외/index.html,/경기도중등수학과외/,39,added_hierarchy_child_links
C:/Projects/studyhub/output/경기도중등영어과외/index.html,/경기도중등영어과외/,39,added_hierarchy_child_links
C:/Projects/studyhub/output/경기도초등과외/index.html,/경기도초등과외/,39,added_hierarchy_child_links
C:/Projects/studyhub/output/경기도초등수학과외/index.html,/경기도초등수학과외/,39,added_hierarchy_child_links
C:/Projects/studyhub/output/경기도초등영어과외/index.html,/경기도초등영어과외/,39,added_hierarchy_child_links
C:/Projects/studyhub/output/경산고등과외/index.html,/경산고등과외/,2,added_hierarchy_child_links
C:/Projects/studyhub/output/경산고등수학과외/index.html,/경산고등수학과외/,2,added_hierarchy_child_links
C:/Projects/studyhub/output/경산고등영어과외/index.html,/경산고등영어과외/,2,added_hierarchy_child_links
C:/Projects/studyhub/output/경산과외/index.html,/경산과외/,2,added_hierarchy_child_links
C:/Projects/studyhub/output/경산수학과외/index.html,/경산수학과외/,2,added_hierarchy_child_links
C:/Projects/studyhub/output/경산영어과외/index.html,/경산영어과외/,2,added_hierarchy_child_links
C:/Projects/studyhub/output/경산중등과외/index.html,/경산중등과외/,2,added_hierarchy_child_links
C:/Projects/studyhub/output/경산중등수학과외/index.html,/경산중등수학과외/,2,added_hierarchy_child_links
C:/Projects/studyhub/output/경산중등영어과외/index.html,/경산중등영어과외/,2,added_hierarchy_child_links
C:/Projects/studyhub/output/경산초등과외/index.html,/경산초등과외/,2,added_hierarchy_child_links
C:/Projects/studyhub/output/경산초등수학과외/index.html,/경산초등수학과외/,2,added_hierarchy_child_links
C:/Projects/studyhub/output/경산초등영어과외/index.html,/경산초등영어과외/,2,added_hierarchy_child_links
C:/Projects/studyhub/output/고등과외/index.html,/고등과외/,10,added_hierarchy_child_links
C:/Projects/studyhub/output/고등수학과외/index.html,/고등수학과외/,10,added_hierarchy_child_links
C:/Projects/studyhub/output/고등영어과외/index.html,/고등영어과외/,10,added_hierarchy_child_links
C:/Projects/studyhub/output/광산구고등과외/index.html,/광산구고등과외/,6,added_hierarchy_child_links
C:/Projects/studyhub/output/광산구고등수학과외/index.html,/광산구고등수학과외/,6,added_hierarchy_child_links
C:/Projects/studyhub/output/광산구고등영어과외/index.html,/광산구고등영어과외/,6,added_hierarchy_child_links
C:/Projects/studyhub/output/광산구과외/index.html,/광산구과외/,6,added_hierarchy_child_links
C:/Projects/studyhub/output/광산구수학과외/index.html,/광산구수학과외/,6,added_hierarchy_child_links
C:/Projects/studyhub/output/광산구영어과외/index.html,/광산구영어과외/,6,added_hierarchy_child_links
C:/Projects/studyhub/output/광산구중등과외/index.html,/광산구중등과외/,6,added_hierarchy_child_links
C:/Projects/studyhub/output/광산구중등수학과외/index.html,/광산구중등수학과외/,6,added_hierarchy_child_links
C:/Projects/studyhub/output/광산구중등영어과외/index.html,/광산구중등영어과외/,6,added_hierarchy_child_links
C:/Projects/studyhub/output/광산구초등과외/index.html,/광산구초등과외/,6,added_hierarchy_child_links
C:/Projects/studyhub/output/광산구초등수학과외/index.html,/광산구초등수학과외/,6,added_hierarchy_child_links
C:/Projects/studyhub/output/광산구초등영어과외/index.html,/광산구초등영어과외/,6,added_hierarchy_child_links
C:/Projects/studyhub/output/광주고등과외/index.html,/광주고등과외/,2,added_hierarchy_child_links
C:/Projects/studyhub/output/광주고등수학과외/index.html,/광주고등수학과외/,2,added_hierarchy_child_links
C:/Projects/studyhub/output/광주고등영어과외/index.html,/광주고등영어과외/,2,added_hierarchy_child_links
C:/Projects/studyhub/output/광주과외/index.html,/광주과외/,2,added_hierarchy_child_links
C:/Projects/studyhub/output/광주남구고등과외/index.html,/광주남구고등과외/,2,added_hierarchy_child_links
C:/Projects/studyhub/output/광주남구고등수학과외/index.html,/광주남구고등수학과외/,2,added_hierarchy_child_links
C:/Projects/studyhub/output/광주남구고등영어과외/index.html,/광주남구고등영어과외/,2,added_hierarchy_child_links
C:/Projects/studyhub/output/광주남구과외/index.html,/광주남구과외/,2,added_hierarchy_child_links
C:/Projects/studyhub/output/광주남구수학과외/index.html,/광주남구수학과외/,2,added_hierarchy_child_links
C:/Projects/studyhub/output/광주남구영어과외/index.html,/광주남구영어과외/,2,added_hierarchy_child_links
C:/Projects/studyhub/output/광주남구중등과외/index.html,/광주남구중등과외/,2,added_hierarchy_child_links
C:/Projects/studyhub/output/광주남구중등수학과외/index.html,/광주남구중등수학과외/,2,added_hierarchy_child_links
C:/Projects/studyhub/output/광주남구중등영어과외/index.html,/광주남구중등영어과외/,2,added_hierarchy_child_links
C:/Projects/studyhub/output/광주남구초등과외/index.html,/광주남구초등과외/,2,added_hierarchy_child_links
C:/Projects/studyhub/output/광주남구초등수학과외/index.html,/광주남구초등수학과외/,2,added_hierarchy_child_links
C:/Projects/studyhub/output/광주남구초등영어과외/index.html,/광주남구초등영어과외/,2,added_hierarchy_child_links
C:/Projects/studyhub/output/광주북구고등과외/index.html,/광주북구고등과외/,8,added_hierarchy_child_links
C:/Projects/studyhub/output/광주북구고등수학과외/index.html,/광주북구고등수학과외/,8,added_hierarchy_child_links
C:/Projects/studyhub/output/광주북구고등영어과외/index.html,/광주북구고등영어과외/,8,added_hierarchy_child_links
C:/Projects/studyhub/output/광주북구과외/index.html,/광주북구과외/,8,added_hierarchy_child_links
C:/Projects/studyhub/output/광주북구수학과외/index.html,/광주북구수학과외/,8,added_hierarchy_child_links
C:/Projects/studyhub/output/광주북구영어과외/index.html,/광주북구영어과외/,8,added_hierarchy_child_links
C:/Projects/studyhub/output/광주북구중등과외/index.html,/광주북구중등과외/,8,added_hierarchy_child_links
C:/Projects/studyhub/output/광주북구중등수학과외/index.html,/광주북구중등수학과외/,8,added_hierarchy_child_links
C:/Projects/studyhub/output/광주북구중등영어과외/index.html,/광주북구중등영어과외/,8,added_hierarchy_child_links
C:/Projects/studyhub/output/광주북구초등과외/index.html,/광주북구초등과외/,8,added_hierarchy_child_links
C:/Projects/studyhub/output/광주북구초등수학과외/index.html,/광주북구초등수학과외/,8,added_hierarchy_child_links
C:/Projects/studyhub/output/광주북구초등영어과외/index.html,/광주북구초등영어과외/,8,added_hierarchy_child_links
C:/Projects/studyhub/output/광주서구고등과외/index.html,/광주서구고등과외/,1,added_hierarchy_child_links
C:/Projects/studyhub/output/광주서구고등수학과외/index.html,/광주서구고등수학과외/,1,added_hierarchy_child_links
C:/Projects/studyhub/output/광주서구고등영어과외/index.html,/광주서구고등영어과외/,1,added_hierarchy_child_links
C:/Projects/studyhub/output/광주서구과외/index.html,/광주서구과외/,1,added_hierarchy_child_links
C:/Projects/studyhub/output/광주서구수학과외/index.html,/광주서구수학과외/,1,added_hierarchy_child_links
C:/Projects/studyhub/output/광주서구영어과외/index.html,/광주서구영어과외/,1,added_hierarchy_child_links
C:/Projects/studyhub/output/광주서구중등과외/index.html,/광주서구중등과외/,1,added_hierarchy_child_links
C:/Projects/studyhub/output/광주서구중등수학과외/index.html,/광주서구중등수학과외/,1,added_hierarchy_child_links
C:/Projects/studyhub/output/광주서구중등영어과외/index.html,/광주서구중등영어과외/,1,added_hierarchy_child_links
C:/Projects/studyhub/output/광주서구초등과외/index.html,/광주서구초등과외/,1,added_hierarchy_child_links
C:/Projects/studyhub/output/광주서구초등수학과외/index.html,/광주서구초등수학과외/,1,added_hierarchy_child_links
C:/Projects/studyhub/output/광주서구초등영어과외/index.html,/광주서구초등영어과외/,1,added_hierarchy_child_links
C:/Projects/studyhub/output/광주수학과외/index.html,/광주수학과외/,2,added_hierarchy_child_links
C:/Projects/studyhub/output/광주영어과외/index.html,/광주영어과외/,2,added_hierarchy_child_links
C:/Projects/studyhub/output/광주중등과외/index.html,/광주중등과외/,2,added_hierarchy_child_links
C:/Projects/studyhub/output/광주중등수학과외/index.html,/광주중등수학과외/,2,added_hierarchy_child_links
C:/Projects/studyhub/output/광주중등영어과외/index.html,/광주중등영어과외/,2,added_hierarchy_child_links
C:/Projects/studyhub/output/광주초등과외/index.html,/광주초등과외/,2,added_hierarchy_child_links
C:/Projects/studyhub/output/광주초등수학과외/index.html,/광주초등수학과외/,2,added_hierarchy_child_links
C:/Projects/studyhub/output/광주초등영어과외/index.html,/광주초등영어과외/,2,added_hierarchy_child_links
C:/Projects/studyhub/output/광진구고등과외/index.html,/광진구고등과외/,2,added_hierarchy_child_links
C:/Projects/studyhub/output/광진구고등수학과외/index.html,/광진구고등수학과외/,2,added_hierarchy_child_links
C:/Projects/studyhub/output/광진구고등영어과외/index.html,/광진구고등영어과외/,2,added_hierarchy_child_links
C:/Projects/studyhub/output/광진구과외/index.html,/광진구과외/,2,added_hierarchy_child_links
C:/Projects/studyhub/output/광진구수학과외/index.html,/광진구수학과외/,2,added_hierarchy_child_links
C:/Projects/studyhub/output/광진구영어과외/index.html,/광진구영어과외/,2,added_hierarchy_child_links
C:/Projects/studyhub/output/광진구중등과외/index.html,/광진구중등과외/,2,added_hierarchy_child_links
C:/Projects/studyhub/output/광진구중등수학과외/index.html,/광진구중등수학과외/,2,added_hierarchy_child_links
C:/Projects/studyhub/output/광진구중등영어과외/index.html,/광진구중등영어과외/,2,added_hierarchy_child_links
C:/Projects/studyhub/output/광진구초등과외/index.html,/광진구초등과외/,2,added_hierarchy_child_links
C:/Projects/studyhub/output/광진구초등수학과외/index.html,/광진구초등수학과외/,2,added_hierarchy_child_links
C:/Projects/studyhub/output/광진구초등영어과외/index.html,/광진구초등영어과외/,2,added_hierarchy_child_links
C:/Projects/studyhub/output/구로구고등과외/index.html,/구로구고등과외/,2,added_hierarchy_child_links
C:/Projects/studyhub/output/구로구고등수학과외/index.html,/구로구고등수학과외/,2,added_hierarchy_child_links
C:/Projects/studyhub/output/구로구고등영어과외/index.html,/구로구고등영어과외/,2,added_hierarchy_child_links
C:/Projects/studyhub/output/구로구과외/index.html,/구로구과외/,2,added_hierarchy_child_links
C:/Projects/studyhub/output/구로구수학과외/index.html,/구로구수학과외/,2,added_hierarchy_child_links
C:/Projects/studyhub/output/구로구영어과외/index.html,/구로구영어과외/,2,added_hierarchy_child_links
C:/Projects/studyhub/output/구로구중등과외/index.html,/구로구중등과외/,2,added_hierarchy_child_links
C:/Projects/studyhub/output/구로구중등수학과외/index.html,/구로구중등수학과외/,2,added_hierarchy_child_links
C:/Projects/studyhub/output/구로구중등영어과외/index.html,/구로구중등영어과외/,2,added_hierarchy_child_links
C:/Projects/studyhub/output/구로구초등과외/index.html,/구로구초등과외/,2,added_hierarchy_child_links
C:/Projects/studyhub/output/구로구초등수학과외/index.html,/구로구초등수학과외/,2,added_hierarchy_child_links
C:/Projects/studyhub/output/구로구초등영어과외/index.html,/구로구초등영어과외/,2,added_hierarchy_child_links
C:/Projects/studyhub/output/권선구고등과외/index.html,/권선구고등과외/,2,added_hierarchy_child_links
C:/Projects/studyhub/output/권선구고등수학과외/index.html,/권선구고등수학과외/,2,added_hierarchy_child_links
C:/Projects/studyhub/output/권선구고등영어과외/index.html,/권선구고등영어과외/,2,added_hierarchy_child_links
C:/Projects/studyhub/output/권선구과외/index.html,/권선구과외/,2,added_hierarchy_child_links
C:/Projects/studyhub/output/권선구수학과외/index.html,/권선구수학과외/,2,added_hierarchy_child_links
C:/Projects/studyhub/output/권선구영어과외/index.html,/권선구영어과외/,2,added_hierarchy_child_links
C:/Projects/studyhub/output/권선구중등과외/index.html,/권선구중등과외/,2,added_hierarchy_child_links
C:/Projects/studyhub/output/권선구중등수학과외/index.html,/권선구중등수학과외/,2,added_hierarchy_child_links
C:/Projects/studyhub/output/권선구중등영어과외/index.html,/권선구중등영어과외/,2,added_hierarchy_child_links
C:/Projects/studyhub/output/권선구초등과외/index.html,/권선구초등과외/,2,added_hierarchy_child_links
C:/Projects/studyhub/output/권선구초등수학과외/index.html,/권선구초등수학과외/,2,added_hierarchy_child_links
C:/Projects/studyhub/output/권선구초등영어과외/index.html,/권선구초등영어과외/,2,added_hierarchy_child_links
C:/Projects/studyhub/output/기흥구고등과외/index.html,/기흥구고등과외/,5,added_hierarchy_child_links
C:/Projects/studyhub/output/기흥구고등수학과외/index.html,/기흥구고등수학과외/,5,added_hierarchy_child_links
C:/Projects/studyhub/output/기흥구고등영어과외/index.html,/기흥구고등영어과외/,5,added_hierarchy_child_links
C:/Projects/studyhub/output/기흥구과외/index.html,/기흥구과외/,5,added_hierarchy_child_links
C:/Projects/studyhub/output/기흥구수학과외/index.html,/기흥구수학과외/,5,added_hierarchy_child_links
C:/Projects/studyhub/output/기흥구영어과외/index.html,/기흥구영어과외/,5,added_hierarchy_child_links
C:/Projects/studyhub/output/기흥구중등과외/index.html,/기흥구중등과외/,5,added_hierarchy_child_links
C:/Projects/studyhub/output/기흥구중등수학과외/index.html,/기흥구중등수학과외/,5,added_hierarchy_child_links
C:/Projects/studyhub/output/기흥구중등영어과외/index.html,/기흥구중등영어과외/,5,added_hierarchy_child_links
C:/Projects/studyhub/output/기흥구초등과외/index.html,/기흥구초등과외/,5,added_hierarchy_child_links
C:/Projects/studyhub/output/기흥구초등수학과외/index.html,/기흥구초등수학과외/,5,added_hierarchy_child_links
C:/Projects/studyhub/output/기흥구초등영어과외/index.html,/기흥구초등영어과외/,5,added_hierarchy_child_links
C:/Projects/studyhub/output/김포고등과외/index.html,/김포고등과외/,6,added_hierarchy_child_links
C:/Projects/studyhub/output/김포고등수학과외/index.html,/김포고등수학과외/,6,added_hierarchy_child_links
C:/Projects/studyhub/output/김포고등영어과외/index.html,/김포고등영어과외/,6,added_hierarchy_child_links
C:/Projects/studyhub/output/김포과외/index.html,/김포과외/,6,added_hierarchy_child_links
C:/Projects/studyhub/output/김포수학과외/index.html,/김포수학과외/,6,added_hierarchy_child_links
C:/Projects/studyhub/output/김포영어과외/index.html,/김포영어과외/,6,added_hierarchy_child_links
C:/Projects/studyhub/output/김포중등과외/index.html,/김포중등과외/,6,added_hierarchy_child_links
C:/Projects/studyhub/output/김포중등수학과외/index.html,/김포중등수학과외/,6,added_hierarchy_child_links
C:/Projects/studyhub/output/김포중등영어과외/index.html,/김포중등영어과외/,6,added_hierarchy_child_links
C:/Projects/studyhub/output/김포초등과외/index.html,/김포초등과외/,6,added_hierarchy_child_links
C:/Projects/studyhub/output/김포초등수학과외/index.html,/김포초등수학과외/,6,added_hierarchy_child_links
C:/Projects/studyhub/output/김포초등영어과외/index.html,/김포초등영어과외/,6,added_hierarchy_child_links
C:/Projects/studyhub/output/남양주고등과외/index.html,/남양주고등과외/,6,added_hierarchy_child_links
C:/Projects/studyhub/output/남양주고등수학과외/index.html,/남양주고등수학과외/,6,added_hierarchy_child_links
C:/Projects/studyhub/output/남양주고등영어과외/index.html,/남양주고등영어과외/,6,added_hierarchy_child_links
C:/Projects/studyhub/output/남양주과외/index.html,/남양주과외/,6,added_hierarchy_child_links
C:/Projects/studyhub/output/남양주수학과외/index.html,/남양주수학과외/,6,added_hierarchy_child_links
C:/Projects/studyhub/output/남양주영어과외/index.html,/남양주영어과외/,6,added_hierarchy_child_links
C:/Projects/studyhub/output/남양주중등과외/index.html,/남양주중등과외/,6,added_hierarchy_child_links
C:/Projects/studyhub/output/남양주중등수학과외/index.html,/남양주중등수학과외/,6,added_hierarchy_child_links
C:/Projects/studyhub/output/남양주중등영어과외/index.html,/남양주중등영어과외/,6,added_hierarchy_child_links
C:/Projects/studyhub/output/남양주초등과외/index.html,/남양주초등과외/,6,added_hierarchy_child_links
C:/Projects/studyhub/output/남양주초등수학과외/index.html,/남양주초등수학과외/,6,added_hierarchy_child_links
C:/Projects/studyhub/output/남양주초등영어과외/index.html,/남양주초등영어과외/,6,added_hierarchy_child_links
C:/Projects/studyhub/output/달서구고등과외/index.html,/달서구고등과외/,2,added_hierarchy_child_links
C:/Projects/studyhub/output/달서구고등수학과외/index.html,/달서구고등수학과외/,2,added_hierarchy_child_links
C:/Projects/studyhub/output/달서구고등영어과외/index.html,/달서구고등영어과외/,2,added_hierarchy_child_links
C:/Projects/studyhub/output/달서구과외/index.html,/달서구과외/,2,added_hierarchy_child_links
C:/Projects/studyhub/output/달서구수학과외/index.html,/달서구수학과외/,2,added_hierarchy_child_links
C:/Projects/studyhub/output/달서구영어과외/index.html,/달서구영어과외/,2,added_hierarchy_child_links
C:/Projects/studyhub/output/달서구중등과외/index.html,/달서구중등과외/,2,added_hierarchy_child_links
C:/Projects/studyhub/output/달서구중등수학과외/index.html,/달서구중등수학과외/,2,added_hierarchy_child_links
C:/Projects/studyhub/output/달서구중등영어과외/index.html,/달서구중등영어과외/,2,added_hierarchy_child_links
C:/Projects/studyhub/output/달서구초등과외/index.html,/달서구초등과외/,2,added_hierarchy_child_links
C:/Projects/studyhub/output/달서구초등수학과외/index.html,/달서구초등수학과외/,2,added_hierarchy_child_links
C:/Projects/studyhub/output/달서구초등영어과외/index.html,/달서구초등영어과외/,2,added_hierarchy_child_links
C:/Projects/studyhub/output/대구고등과외/index.html,/대구고등과외/,1,added_hierarchy_child_links
C:/Projects/studyhub/output/대구고등수학과외/index.html,/대구고등수학과외/,1,added_hierarchy_child_links
C:/Projects/studyhub/output/대구고등영어과외/index.html,/대구고등영어과외/,1,added_hierarchy_child_links
C:/Projects/studyhub/output/대구과외/index.html,/대구과외/,1,added_hierarchy_child_links
C:/Projects/studyhub/output/대구과외/수성구과외/index.html,/대구과외/수성구과외/,7,added_hierarchy_child_links
C:/Projects/studyhub/output/대구동구고등과외/index.html,/대구동구고등과외/,1,added_hierarchy_child_links
C:/Projects/studyhub/output/대구동구고등수학과외/index.html,/대구동구고등수학과외/,1,added_hierarchy_child_links
C:/Projects/studyhub/output/대구동구고등영어과외/index.html,/대구동구고등영어과외/,1,added_hierarchy_child_links
C:/Projects/studyhub/output/대구동구과외/index.html,/대구동구과외/,1,added_hierarchy_child_links
C:/Projects/studyhub/output/대구동구수학과외/index.html,/대구동구수학과외/,1,added_hierarchy_child_links
C:/Projects/studyhub/output/대구동구영어과외/index.html,/대구동구영어과외/,1,added_hierarchy_child_links
C:/Projects/studyhub/output/대구동구중등과외/index.html,/대구동구중등과외/,1,added_hierarchy_child_links
C:/Projects/studyhub/output/대구동구중등수학과외/index.html,/대구동구중등수학과외/,1,added_hierarchy_child_links
C:/Projects/studyhub/output/대구동구중등영어과외/index.html,/대구동구중등영어과외/,1,added_hierarchy_child_links
C:/Projects/studyhub/output/대구동구초등과외/index.html,/대구동구초등과외/,1,added_hierarchy_child_links
C:/Projects/studyhub/output/대구동구초등수학과외/index.html,/대구동구초등수학과외/,1,added_hierarchy_child_links
C:/Projects/studyhub/output/대구동구초등영어과외/index.html,/대구동구초등영어과외/,1,added_hierarchy_child_links
C:/Projects/studyhub/output/대구북구고등과외/index.html,/대구북구고등과외/,3,added_hierarchy_child_links
C:/Projects/studyhub/output/대구북구고등수학과외/index.html,/대구북구고등수학과외/,3,added_hierarchy_child_links
C:/Projects/studyhub/output/대구북구고등영어과외/index.html,/대구북구고등영어과외/,3,added_hierarchy_child_links
C:/Projects/studyhub/output/대구북구과외/index.html,/대구북구과외/,3,added_hierarchy_child_links
C:/Projects/studyhub/output/대구북구수학과외/index.html,/대구북구수학과외/,3,added_hierarchy_child_links
C:/Projects/studyhub/output/대구북구영어과외/index.html,/대구북구영어과외/,3,added_hierarchy_child_links
C:/Projects/studyhub/output/대구북구중등과외/index.html,/대구북구중등과외/,3,added_hierarchy_child_links
C:/Projects/studyhub/output/대구북구중등수학과외/index.html,/대구북구중등수학과외/,3,added_hierarchy_child_links
C:/Projects/studyhub/output/대구북구중등영어과외/index.html,/대구북구중등영어과외/,3,added_hierarchy_child_links
C:/Projects/studyhub/output/대구북구초등과외/index.html,/대구북구초등과외/,3,added_hierarchy_child_links
C:/Projects/studyhub/output/대구북구초등수학과외/index.html,/대구북구초등수학과외/,3,added_hierarchy_child_links
C:/Projects/studyhub/output/대구북구초등영어과외/index.html,/대구북구초등영어과외/,3,added_hierarchy_child_links
C:/Projects/studyhub/output/대구수학과외/index.html,/대구수학과외/,1,added_hierarchy_child_links
C:/Projects/studyhub/output/대구영어과외/index.html,/대구영어과외/,1,added_hierarchy_child_links
C:/Projects/studyhub/output/대구중등과외/index.html,/대구중등과외/,1,added_hierarchy_child_links
C:/Projects/studyhub/output/대구중등수학과외/index.html,/대구중등수학과외/,1,added_hierarchy_child_links
C:/Projects/studyhub/output/대구중등영어과외/index.html,/대구중등영어과외/,1,added_hierarchy_child_links
C:/Projects/studyhub/output/대구초등과외/index.html,/대구초등과외/,1,added_hierarchy_child_links
C:/Projects/studyhub/output/대구초등수학과외/index.html,/대구초등수학과외/,1,added_hierarchy_child_links
C:/Projects/studyhub/output/대구초등영어과외/index.html,/대구초등영어과외/,1,added_hierarchy_child_links
C:/Projects/studyhub/output/대전고등과외/index.html,/대전고등과외/,1,added_hierarchy_child_links
C:/Projects/studyhub/output/대전고등수학과외/index.html,/대전고등수학과외/,1,added_hierarchy_child_links
C:/Projects/studyhub/output/대전고등영어과외/index.html,/대전고등영어과외/,1,added_hierarchy_child_links
C:/Projects/studyhub/output/대전과외/index.html,/대전과외/,1,added_hierarchy_child_links
C:/Projects/studyhub/output/대전서구고등과외/index.html,/대전서구고등과외/,3,added_hierarchy_child_links
C:/Projects/studyhub/output/대전서구고등수학과외/index.html,/대전서구고등수학과외/,3,added_hierarchy_child_links
C:/Projects/studyhub/output/대전서구고등영어과외/index.html,/대전서구고등영어과외/,3,added_hierarchy_child_links
C:/Projects/studyhub/output/대전서구과외/index.html,/대전서구과외/,3,added_hierarchy_child_links
C:/Projects/studyhub/output/대전서구수학과외/index.html,/대전서구수학과외/,3,added_hierarchy_child_links
C:/Projects/studyhub/output/대전서구영어과외/index.html,/대전서구영어과외/,3,added_hierarchy_child_links
C:/Projects/studyhub/output/대전서구중등과외/index.html,/대전서구중등과외/,3,added_hierarchy_child_links
C:/Projects/studyhub/output/대전서구중등수학과외/index.html,/대전서구중등수학과외/,3,added_hierarchy_child_links
C:/Projects/studyhub/output/대전서구중등영어과외/index.html,/대전서구중등영어과외/,3,added_hierarchy_child_links
C:/Projects/studyhub/output/대전서구초등과외/index.html,/대전서구초등과외/,3,added_hierarchy_child_links
C:/Projects/studyhub/output/대전서구초등수학과외/index.html,/대전서구초등수학과외/,3,added_hierarchy_child_links
C:/Projects/studyhub/output/대전서구초등영어과외/index.html,/대전서구초등영어과외/,3,added_hierarchy_child_links
C:/Projects/studyhub/output/대전수학과외/index.html,/대전수학과외/,1,added_hierarchy_child_links
C:/Projects/studyhub/output/대전영어과외/index.html,/대전영어과외/,1,added_hierarchy_child_links
C:/Projects/studyhub/output/대전중등과외/index.html,/대전중등과외/,1,added_hierarchy_child_links
C:/Projects/studyhub/output/대전중등수학과외/index.html,/대전중등수학과외/,1,added_hierarchy_child_links
C:/Projects/studyhub/output/대전중등영어과외/index.html,/대전중등영어과외/,1,added_hierarchy_child_links
C:/Projects/studyhub/output/대전초등과외/index.html,/대전초등과외/,1,added_hierarchy_child_links
C:/Projects/studyhub/output/대전초등수학과외/index.html,/대전초등수학과외/,1,added_hierarchy_child_links
C:/Projects/studyhub/output/대전초등영어과외/index.html,/대전초등영어과외/,1,added_hierarchy_child_links
C:/Projects/studyhub/output/덕양구고등과외/index.html,/덕양구고등과외/,6,added_hierarchy_child_links
C:/Projects/studyhub/output/덕양구고등수학과외/index.html,/덕양구고등수학과외/,6,added_hierarchy_child_links
C:/Projects/studyhub/output/덕양구고등영어과외/index.html,/덕양구고등영어과외/,6,added_hierarchy_child_links
C:/Projects/studyhub/output/덕양구과외/index.html,/덕양구과외/,6,added_hierarchy_child_links
C:/Projects/studyhub/output/덕양구수학과외/index.html,/덕양구수학과외/,6,added_hierarchy_child_links
C:/Projects/studyhub/output/덕양구영어과외/index.html,/덕양구영어과외/,6,added_hierarchy_child_links
C:/Projects/studyhub/output/덕양구중등과외/index.html,/덕양구중등과외/,6,added_hierarchy_child_links
C:/Projects/studyhub/output/덕양구중등수학과외/index.html,/덕양구중등수학과외/,6,added_hierarchy_child_links
C:/Projects/studyhub/output/덕양구중등영어과외/index.html,/덕양구중등영어과외/,6,added_hierarchy_child_links
C:/Projects/studyhub/output/덕양구초등과외/index.html,/덕양구초등과외/,6,added_hierarchy_child_links
C:/Projects/studyhub/output/덕양구초등수학과외/index.html,/덕양구초등수학과외/,6,added_hierarchy_child_links
C:/Projects/studyhub/output/덕양구초등영어과외/index.html,/덕양구초등영어과외/,6,added_hierarchy_child_links
C:/Projects/studyhub/output/동대문고등과외/index.html,/동대문고등과외/,5,added_hierarchy_child_links
C:/Projects/studyhub/output/동대문고등수학과외/index.html,/동대문고등수학과외/,5,added_hierarchy_child_links
C:/Projects/studyhub/output/동대문고등영어과외/index.html,/동대문고등영어과외/,5,added_hierarchy_child_links
C:/Projects/studyhub/output/동대문과외/index.html,/동대문과외/,5,added_hierarchy_child_links
C:/Projects/studyhub/output/동대문수학과외/index.html,/동대문수학과외/,5,added_hierarchy_child_links
C:/Projects/studyhub/output/동대문영어과외/index.html,/동대문영어과외/,5,added_hierarchy_child_links
C:/Projects/studyhub/output/동대문중등과외/index.html,/동대문중등과외/,5,added_hierarchy_child_links
C:/Projects/studyhub/output/동대문중등수학과외/index.html,/동대문중등수학과외/,5,added_hierarchy_child_links
C:/Projects/studyhub/output/동대문중등영어과외/index.html,/동대문중등영어과외/,5,added_hierarchy_child_links
C:/Projects/studyhub/output/동대문초등과외/index.html,/동대문초등과외/,5,added_hierarchy_child_links
C:/Projects/studyhub/output/동대문초등수학과외/index.html,/동대문초등수학과외/,5,added_hierarchy_child_links
C:/Projects/studyhub/output/동대문초등영어과외/index.html,/동대문초등영어과외/,5,added_hierarchy_child_links
C:/Projects/studyhub/output/동작구고등과외/index.html,/동작구고등과외/,3,added_hierarchy_child_links
C:/Projects/studyhub/output/동작구고등수학과외/index.html,/동작구고등수학과외/,3,added_hierarchy_child_links
C:/Projects/studyhub/output/동작구고등영어과외/index.html,/동작구고등영어과외/,3,added_hierarchy_child_links
C:/Projects/studyhub/output/동작구과외/index.html,/동작구과외/,3,added_hierarchy_child_links
C:/Projects/studyhub/output/동작구수학과외/index.html,/동작구수학과외/,3,added_hierarchy_child_links
C:/Projects/studyhub/output/동작구영어과외/index.html,/동작구영어과외/,3,added_hierarchy_child_links
C:/Projects/studyhub/output/동작구중등과외/index.html,/동작구중등과외/,3,added_hierarchy_child_links
C:/Projects/studyhub/output/동작구중등수학과외/index.html,/동작구중등수학과외/,3,added_hierarchy_child_links
C:/Projects/studyhub/output/동작구중등영어과외/index.html,/동작구중등영어과외/,3,added_hierarchy_child_links
C:/Projects/studyhub/output/동작구초등과외/index.html,/동작구초등과외/,3,added_hierarchy_child_links
C:/Projects/studyhub/output/동작구초등수학과외/index.html,/동작구초등수학과외/,3,added_hierarchy_child_links
C:/Projects/studyhub/output/동작구초등영어과외/index.html,/동작구초등영어과외/,3,added_hierarchy_child_links
C:/Projects/studyhub/output/마포구고등과외/index.html,/마포구고등과외/,13,added_hierarchy_child_links
C:/Projects/studyhub/output/마포구고등수학과외/index.html,/마포구고등수학과외/,13,added_hierarchy_child_links
C:/Projects/studyhub/output/마포구고등영어과외/index.html,/마포구고등영어과외/,13,added_hierarchy_child_links
C:/Projects/studyhub/output/마포구과외/index.html,/마포구과외/,13,added_hierarchy_child_links
C:/Projects/studyhub/output/마포구수학과외/index.html,/마포구수학과외/,13,added_hierarchy_child_links
C:/Projects/studyhub/output/마포구영어과외/index.html,/마포구영어과외/,13,added_hierarchy_child_links
C:/Projects/studyhub/output/마포구중등과외/index.html,/마포구중등과외/,13,added_hierarchy_child_links
C:/Projects/studyhub/output/마포구중등수학과외/index.html,/마포구중등수학과외/,13,added_hierarchy_child_links
C:/Projects/studyhub/output/마포구중등영어과외/index.html,/마포구중등영어과외/,13,added_hierarchy_child_links
C:/Projects/studyhub/output/마포구초등과외/index.html,/마포구초등과외/,13,added_hierarchy_child_links
C:/Projects/studyhub/output/마포구초등수학과외/index.html,/마포구초등수학과외/,13,added_hierarchy_child_links
C:/Projects/studyhub/output/마포구초등영어과외/index.html,/마포구초등영어과외/,13,added_hierarchy_child_links
C:/Projects/studyhub/output/부산고등과외/index.html,/부산고등과외/,6,added_hierarchy_child_links
C:/Projects/studyhub/output/부산고등수학과외/index.html,/부산고등수학과외/,6,added_hierarchy_child_links
C:/Projects/studyhub/output/부산고등영어과외/index.html,/부산고등영어과외/,6,added_hierarchy_child_links
C:/Projects/studyhub/output/부산과외/index.html,/부산과외/,7,added_hierarchy_child_links
C:/Projects/studyhub/output/부산과외/부산진구과외/index.html,/부산과외/부산진구과외/,2,added_hierarchy_child_links
C:/Projects/studyhub/output/부산수학과외/index.html,/부산수학과외/,6,added_hierarchy_child_links
C:/Projects/studyhub/output/부산영어과외/index.html,/부산영어과외/,6,added_hierarchy_child_links
C:/Projects/studyhub/output/부산중등과외/index.html,/부산중등과외/,6,added_hierarchy_child_links
C:/Projects/studyhub/output/부산중등수학과외/index.html,/부산중등수학과외/,6,added_hierarchy_child_links
C:/Projects/studyhub/output/부산중등영어과외/index.html,/부산중등영어과외/,6,added_hierarchy_child_links
C:/Projects/studyhub/output/부산진구고등과외/index.html,/부산진구고등과외/,2,added_hierarchy_child_links
C:/Projects/studyhub/output/부산진구고등수학과외/index.html,/부산진구고등수학과외/,2,added_hierarchy_child_links
C:/Projects/studyhub/output/부산진구고등영어과외/index.html,/부산진구고등영어과외/,2,added_hierarchy_child_links
C:/Projects/studyhub/output/부산진구수학과외/index.html,/부산진구수학과외/,2,added_hierarchy_child_links
C:/Projects/studyhub/output/부산진구영어과외/index.html,/부산진구영어과외/,2,added_hierarchy_child_links
C:/Projects/studyhub/output/부산진구중등과외/index.html,/부산진구중등과외/,2,added_hierarchy_child_links
C:/Projects/studyhub/output/부산진구중등수학과외/index.html,/부산진구중등수학과외/,2,added_hierarchy_child_links
C:/Projects/studyhub/output/부산진구중등영어과외/index.html,/부산진구중등영어과외/,2,added_hierarchy_child_links
C:/Projects/studyhub/output/부산진구초등과외/index.html,/부산진구초등과외/,2,added_hierarchy_child_links
C:/Projects/studyhub/output/부산진구초등수학과외/index.html,/부산진구초등수학과외/,2,added_hierarchy_child_links
C:/Projects/studyhub/output/부산진구초등영어과외/index.html,/부산진구초등영어과외/,2,added_hierarchy_child_links
C:/Projects/studyhub/output/부산초등과외/index.html,/부산초등과외/,6,added_hierarchy_child_links
C:/Projects/studyhub/output/부산초등수학과외/index.html,/부산초등수학과외/,6,added_hierarchy_child_links
C:/Projects/studyhub/output/부산초등영어과외/index.html,/부산초등영어과외/,6,added_hierarchy_child_links
C:/Projects/studyhub/output/분당구고등과외/index.html,/분당구고등과외/,5,added_hierarchy_child_links
C:/Projects/studyhub/output/분당구고등수학과외/index.html,/분당구고등수학과외/,5,added_hierarchy_child_links
C:/Projects/studyhub/output/분당구고등영어과외/index.html,/분당구고등영어과외/,5,added_hierarchy_child_links
C:/Projects/studyhub/output/분당구과외/index.html,/분당구과외/,5,added_hierarchy_child_links
C:/Projects/studyhub/output/분당구수학과외/index.html,/분당구수학과외/,5,added_hierarchy_child_links
C:/Projects/studyhub/output/분당구영어과외/index.html,/분당구영어과외/,5,added_hierarchy_child_links
C:/Projects/studyhub/output/분당구중등과외/index.html,/분당구중등과외/,5,added_hierarchy_child_links
C:/Projects/studyhub/output/분당구중등수학과외/index.html,/분당구중등수학과외/,5,added_hierarchy_child_links
C:/Projects/studyhub/output/분당구중등영어과외/index.html,/분당구중등영어과외/,5,added_hierarchy_child_links
C:/Projects/studyhub/output/분당구초등과외/index.html,/분당구초등과외/,5,added_hierarchy_child_links
C:/Projects/studyhub/output/분당구초등수학과외/index.html,/분당구초등수학과외/,5,added_hierarchy_child_links
C:/Projects/studyhub/output/분당구초등영어과외/index.html,/분당구초등영어과외/,5,added_hierarchy_child_links
C:/Projects/studyhub/output/서울고등과외/index.html,/서울고등과외/,19,added_hierarchy_child_links
C:/Projects/studyhub/output/서울고등수학과외/index.html,/서울고등수학과외/,19,added_hierarchy_child_links
C:/Projects/studyhub/output/서울고등영어과외/index.html,/서울고등영어과외/,19,added_hierarchy_child_links
C:/Projects/studyhub/output/서울과외/index.html,/서울과외/,17,added_hierarchy_child_links
C:/Projects/studyhub/output/서울과외/강남구과외/index.html,/서울과외/강남구과외/,5,added_hierarchy_child_links
C:/Projects/studyhub/output/서울과외/송파구과외/index.html,/서울과외/송파구과외/,4,added_hierarchy_child_links
C:/Projects/studyhub/output/서울수학과외/index.html,/서울수학과외/,18,added_hierarchy_child_links
C:/Projects/studyhub/output/서울영어과외/index.html,/서울영어과외/,19,added_hierarchy_child_links
C:/Projects/studyhub/output/서울중등과외/index.html,/서울중등과외/,19,added_hierarchy_child_links
C:/Projects/studyhub/output/서울중등수학과외/index.html,/서울중등수학과외/,19,added_hierarchy_child_links
C:/Projects/studyhub/output/서울중등영어과외/index.html,/서울중등영어과외/,19,added_hierarchy_child_links
C:/Projects/studyhub/output/서울초등과외/index.html,/서울초등과외/,19,added_hierarchy_child_links
C:/Projects/studyhub/output/서울초등수학과외/index.html,/서울초등수학과외/,20,added_hierarchy_child_links
C:/Projects/studyhub/output/서울초등영어과외/index.html,/서울초등영어과외/,20,added_hierarchy_child_links
C:/Projects/studyhub/output/성동구고등과외/index.html,/성동구고등과외/,4,added_hierarchy_child_links
C:/Projects/studyhub/output/성동구고등수학과외/index.html,/성동구고등수학과외/,4,added_hierarchy_child_links
C:/Projects/studyhub/output/성동구고등영어과외/index.html,/성동구고등영어과외/,4,added_hierarchy_child_links
C:/Projects/studyhub/output/성동구과외/index.html,/성동구과외/,4,added_hierarchy_child_links
C:/Projects/studyhub/output/성동구수학과외/index.html,/성동구수학과외/,4,added_hierarchy_child_links
C:/Projects/studyhub/output/성동구영어과외/index.html,/성동구영어과외/,4,added_hierarchy_child_links
C:/Projects/studyhub/output/성동구중등과외/index.html,/성동구중등과외/,4,added_hierarchy_child_links
C:/Projects/studyhub/output/성동구중등수학과외/index.html,/성동구중등수학과외/,4,added_hierarchy_child_links
C:/Projects/studyhub/output/성동구중등영어과외/index.html,/성동구중등영어과외/,4,added_hierarchy_child_links
C:/Projects/studyhub/output/성동구초등과외/index.html,/성동구초등과외/,4,added_hierarchy_child_links
C:/Projects/studyhub/output/성동구초등수학과외/index.html,/성동구초등수학과외/,4,added_hierarchy_child_links
C:/Projects/studyhub/output/성동구초등영어과외/index.html,/성동구초등영어과외/,4,added_hierarchy_child_links
C:/Projects/studyhub/output/성북구고등과외/index.html,/성북구고등과외/,5,added_hierarchy_child_links
C:/Projects/studyhub/output/성북구고등수학과외/index.html,/성북구고등수학과외/,5,added_hierarchy_child_links
C:/Projects/studyhub/output/성북구고등영어과외/index.html,/성북구고등영어과외/,5,added_hierarchy_child_links
C:/Projects/studyhub/output/성북구과외/index.html,/성북구과외/,5,added_hierarchy_child_links
C:/Projects/studyhub/output/성북구수학과외/index.html,/성북구수학과외/,5,added_hierarchy_child_links
C:/Projects/studyhub/output/성북구영어과외/index.html,/성북구영어과외/,5,added_hierarchy_child_links
C:/Projects/studyhub/output/성북구중등과외/index.html,/성북구중등과외/,5,added_hierarchy_child_links
C:/Projects/studyhub/output/성북구중등수학과외/index.html,/성북구중등수학과외/,5,added_hierarchy_child_links
C:/Projects/studyhub/output/성북구중등영어과외/index.html,/성북구중등영어과외/,5,added_hierarchy_child_links
C:/Projects/studyhub/output/성북구초등과외/index.html,/성북구초등과외/,5,added_hierarchy_child_links
C:/Projects/studyhub/output/성북구초등수학과외/index.html,/성북구초등수학과외/,5,added_hierarchy_child_links
C:/Projects/studyhub/output/성북구초등영어과외/index.html,/성북구초등영어과외/,5,added_hierarchy_child_links
C:/Projects/studyhub/output/세종고등과외/index.html,/세종고등과외/,4,added_hierarchy_child_links
C:/Projects/studyhub/output/세종고등수학과외/index.html,/세종고등수학과외/,4,added_hierarchy_child_links
C:/Projects/studyhub/output/세종고등영어과외/index.html,/세종고등영어과외/,4,added_hierarchy_child_links
C:/Projects/studyhub/output/세종과외/index.html,/세종과외/,4,added_hierarchy_child_links
C:/Projects/studyhub/output/세종수학과외/index.html,/세종수학과외/,4,added_hierarchy_child_links
C:/Projects/studyhub/output/세종영어과외/index.html,/세종영어과외/,4,added_hierarchy_child_links
C:/Projects/studyhub/output/세종중등과외/index.html,/세종중등과외/,4,added_hierarchy_child_links
C:/Projects/studyhub/output/세종중등수학과외/index.html,/세종중등수학과외/,4,added_hierarchy_child_links
C:/Projects/studyhub/output/세종중등영어과외/index.html,/세종중등영어과외/,4,added_hierarchy_child_links
C:/Projects/studyhub/output/세종초등과외/index.html,/세종초등과외/,4,added_hierarchy_child_links
C:/Projects/studyhub/output/세종초등수학과외/index.html,/세종초등수학과외/,4,added_hierarchy_child_links
C:/Projects/studyhub/output/세종초등영어과외/index.html,/세종초등영어과외/,4,added_hierarchy_child_links
C:/Projects/studyhub/output/소사구고등과외/index.html,/소사구고등과외/,2,added_hierarchy_child_links
C:/Projects/studyhub/output/소사구고등수학과외/index.html,/소사구고등수학과외/,2,added_hierarchy_child_links
C:/Projects/studyhub/output/소사구고등영어과외/index.html,/소사구고등영어과외/,2,added_hierarchy_child_links
C:/Projects/studyhub/output/소사구과외/index.html,/소사구과외/,2,added_hierarchy_child_links
C:/Projects/studyhub/output/소사구수학과외/index.html,/소사구수학과외/,2,added_hierarchy_child_links
C:/Projects/studyhub/output/소사구영어과외/index.html,/소사구영어과외/,2,added_hierarchy_child_links
C:/Projects/studyhub/output/소사구중등과외/index.html,/소사구중등과외/,2,added_hierarchy_child_links
C:/Projects/studyhub/output/소사구중등수학과외/index.html,/소사구중등수학과외/,2,added_hierarchy_child_links
C:/Projects/studyhub/output/소사구중등영어과외/index.html,/소사구중등영어과외/,2,added_hierarchy_child_links
C:/Projects/studyhub/output/소사구초등과외/index.html,/소사구초등과외/,2,added_hierarchy_child_links
C:/Projects/studyhub/output/소사구초등수학과외/index.html,/소사구초등수학과외/,2,added_hierarchy_child_links
C:/Projects/studyhub/output/소사구초등영어과외/index.html,/소사구초등영어과외/,2,added_hierarchy_child_links
C:/Projects/studyhub/output/송파구고등과외/index.html,/송파구고등과외/,6,added_hierarchy_child_links
C:/Projects/studyhub/output/송파구고등수학과외/index.html,/송파구고등수학과외/,6,added_hierarchy_child_links
C:/Projects/studyhub/output/송파구고등영어과외/index.html,/송파구고등영어과외/,6,added_hierarchy_child_links
C:/Projects/studyhub/output/송파구수학과외/index.html,/송파구수학과외/,6,added_hierarchy_child_links
C:/Projects/studyhub/output/송파구영어과외/index.html,/송파구영어과외/,6,added_hierarchy_child_links
C:/Projects/studyhub/output/송파구중등과외/index.html,/송파구중등과외/,6,added_hierarchy_child_links
C:/Projects/studyhub/output/송파구중등수학과외/index.html,/송파구중등수학과외/,6,added_hierarchy_child_links
C:/Projects/studyhub/output/송파구중등영어과외/index.html,/송파구중등영어과외/,6,added_hierarchy_child_links
C:/Projects/studyhub/output/송파구초등과외/index.html,/송파구초등과외/,6,added_hierarchy_child_links
C:/Projects/studyhub/output/송파구초등수학과외/index.html,/송파구초등수학과외/,6,added_hierarchy_child_links
C:/Projects/studyhub/output/송파구초등영어과외/index.html,/송파구초등영어과외/,6,added_hierarchy_child_links
C:/Projects/studyhub/output/수성구고등과외/index.html,/수성구고등과외/,7,added_hierarchy_child_links
C:/Projects/studyhub/output/수성구고등수학과외/index.html,/수성구고등수학과외/,7,added_hierarchy_child_links
C:/Projects/studyhub/output/수성구고등영어과외/index.html,/수성구고등영어과외/,7,added_hierarchy_child_links
C:/Projects/studyhub/output/수성구수학과외/index.html,/수성구수학과외/,7,added_hierarchy_child_links
C:/Projects/studyhub/output/수성구영어과외/index.html,/수성구영어과외/,7,added_hierarchy_child_links
C:/Projects/studyhub/output/수성구중등과외/index.html,/수성구중등과외/,7,added_hierarchy_child_links
C:/Projects/studyhub/output/수성구중등수학과외/index.html,/수성구중등수학과외/,7,added_hierarchy_child_links
C:/Projects/studyhub/output/수성구중등영어과외/index.html,/수성구중등영어과외/,7,added_hierarchy_child_links
C:/Projects/studyhub/output/수성구초등과외/index.html,/수성구초등과외/,7,added_hierarchy_child_links
C:/Projects/studyhub/output/수성구초등수학과외/index.html,/수성구초등수학과외/,7,added_hierarchy_child_links
C:/Projects/studyhub/output/수성구초등영어과외/index.html,/수성구초등영어과외/,7,added_hierarchy_child_links
C:/Projects/studyhub/output/수지구고등과외/index.html,/수지구고등과외/,1,added_hierarchy_child_links
C:/Projects/studyhub/output/수지구고등수학과외/index.html,/수지구고등수학과외/,1,added_hierarchy_child_links
C:/Projects/studyhub/output/수지구고등영어과외/index.html,/수지구고등영어과외/,1,added_hierarchy_child_links
C:/Projects/studyhub/output/수지구과외/index.html,/수지구과외/,1,added_hierarchy_child_links
C:/Projects/studyhub/output/수지구수학과외/index.html,/수지구수학과외/,1,added_hierarchy_child_links
C:/Projects/studyhub/output/수지구영어과외/index.html,/수지구영어과외/,1,added_hierarchy_child_links
C:/Projects/studyhub/output/수지구중등과외/index.html,/수지구중등과외/,1,added_hierarchy_child_links
C:/Projects/studyhub/output/수지구중등수학과외/index.html,/수지구중등수학과외/,1,added_hierarchy_child_links
C:/Projects/studyhub/output/수지구중등영어과외/index.html,/수지구중등영어과외/,1,added_hierarchy_child_links
C:/Projects/studyhub/output/수지구초등과외/index.html,/수지구초등과외/,1,added_hierarchy_child_links
C:/Projects/studyhub/output/수지구초등수학과외/index.html,/수지구초등수학과외/,1,added_hierarchy_child_links
C:/Projects/studyhub/output/수지구초등영어과외/index.html,/수지구초등영어과외/,1,added_hierarchy_child_links
C:/Projects/studyhub/output/수학과외/index.html,/수학과외/,10,added_hierarchy_child_links
C:/Projects/studyhub/output/시흥고등과외/index.html,/시흥고등과외/,2,added_hierarchy_child_links
C:/Projects/studyhub/output/시흥고등수학과외/index.html,/시흥고등수학과외/,2,added_hierarchy_child_links
C:/Projects/studyhub/output/시흥고등영어과외/index.html,/시흥고등영어과외/,2,added_hierarchy_child_links
C:/Projects/studyhub/output/시흥과외/index.html,/시흥과외/,2,added_hierarchy_child_links
C:/Projects/studyhub/output/시흥수학과외/index.html,/시흥수학과외/,2,added_hierarchy_child_links
C:/Projects/studyhub/output/시흥영어과외/index.html,/시흥영어과외/,2,added_hierarchy_child_links
C:/Projects/studyhub/output/시흥중등과외/index.html,/시흥중등과외/,2,added_hierarchy_child_links
C:/Projects/studyhub/output/시흥중등수학과외/index.html,/시흥중등수학과외/,2,added_hierarchy_child_links
C:/Projects/studyhub/output/시흥중등영어과외/index.html,/시흥중등영어과외/,2,added_hierarchy_child_links
C:/Projects/studyhub/output/시흥초등과외/index.html,/시흥초등과외/,2,added_hierarchy_child_links
C:/Projects/studyhub/output/시흥초등수학과외/index.html,/시흥초등수학과외/,2,added_hierarchy_child_links
C:/Projects/studyhub/output/시흥초등영어과외/index.html,/시흥초등영어과외/,2,added_hierarchy_child_links
C:/Projects/studyhub/output/안양고등과외/index.html,/안양고등과외/,2,added_hierarchy_child_links
C:/Projects/studyhub/output/안양고등수학과외/index.html,/안양고등수학과외/,2,added_hierarchy_child_links
C:/Projects/studyhub/output/안양고등영어과외/index.html,/안양고등영어과외/,2,added_hierarchy_child_links
C:/Projects/studyhub/output/안양과외/index.html,/안양과외/,2,added_hierarchy_child_links
C:/Projects/studyhub/output/안양수학과외/index.html,/안양수학과외/,2,added_hierarchy_child_links
C:/Projects/studyhub/output/안양영어과외/index.html,/안양영어과외/,2,added_hierarchy_child_links
C:/Projects/studyhub/output/안양중등과외/index.html,/안양중등과외/,2,added_hierarchy_child_links
C:/Projects/studyhub/output/안양중등수학과외/index.html,/안양중등수학과외/,2,added_hierarchy_child_links
C:/Projects/studyhub/output/안양중등영어과외/index.html,/안양중등영어과외/,2,added_hierarchy_child_links
C:/Projects/studyhub/output/안양초등과외/index.html,/안양초등과외/,2,added_hierarchy_child_links
C:/Projects/studyhub/output/안양초등수학과외/index.html,/안양초등수학과외/,2,added_hierarchy_child_links
C:/Projects/studyhub/output/안양초등영어과외/index.html,/안양초등영어과외/,2,added_hierarchy_child_links
C:/Projects/studyhub/output/양주고등과외/index.html,/양주고등과외/,3,added_hierarchy_child_links
C:/Projects/studyhub/output/양주고등수학과외/index.html,/양주고등수학과외/,3,added_hierarchy_child_links
C:/Projects/studyhub/output/양주고등영어과외/index.html,/양주고등영어과외/,3,added_hierarchy_child_links
C:/Projects/studyhub/output/양주과외/index.html,/양주과외/,3,added_hierarchy_child_links
C:/Projects/studyhub/output/양주수학과외/index.html,/양주수학과외/,3,added_hierarchy_child_links
C:/Projects/studyhub/output/양주영어과외/index.html,/양주영어과외/,3,added_hierarchy_child_links
C:/Projects/studyhub/output/양주중등과외/index.html,/양주중등과외/,3,added_hierarchy_child_links
C:/Projects/studyhub/output/양주중등수학과외/index.html,/양주중등수학과외/,3,added_hierarchy_child_links
C:/Projects/studyhub/output/양주중등영어과외/index.html,/양주중등영어과외/,3,added_hierarchy_child_links
C:/Projects/studyhub/output/양주초등과외/index.html,/양주초등과외/,3,added_hierarchy_child_links
C:/Projects/studyhub/output/양주초등수학과외/index.html,/양주초등수학과외/,3,added_hierarchy_child_links
C:/Projects/studyhub/output/양주초등영어과외/index.html,/양주초등영어과외/,3,added_hierarchy_child_links
C:/Projects/studyhub/output/영어과외/index.html,/영어과외/,10,added_hierarchy_child_links
C:/Projects/studyhub/output/영통구고등과외/index.html,/영통구고등과외/,1,added_hierarchy_child_links
C:/Projects/studyhub/output/영통구고등수학과외/index.html,/영통구고등수학과외/,1,added_hierarchy_child_links
C:/Projects/studyhub/output/영통구고등영어과외/index.html,/영통구고등영어과외/,1,added_hierarchy_child_links
C:/Projects/studyhub/output/영통구과외/index.html,/영통구과외/,1,added_hierarchy_child_links
C:/Projects/studyhub/output/영통구수학과외/index.html,/영통구수학과외/,1,added_hierarchy_child_links
C:/Projects/studyhub/output/영통구영어과외/index.html,/영통구영어과외/,1,added_hierarchy_child_links
C:/Projects/studyhub/output/영통구중등과외/index.html,/영통구중등과외/,1,added_hierarchy_child_links
C:/Projects/studyhub/output/영통구중등수학과외/index.html,/영통구중등수학과외/,1,added_hierarchy_child_links
C:/Projects/studyhub/output/영통구중등영어과외/index.html,/영통구중등영어과외/,1,added_hierarchy_child_links
C:/Projects/studyhub/output/영통구초등과외/index.html,/영통구초등과외/,1,added_hierarchy_child_links
C:/Projects/studyhub/output/영통구초등수학과외/index.html,/영통구초등수학과외/,1,added_hierarchy_child_links
C:/Projects/studyhub/output/영통구초등영어과외/index.html,/영통구초등영어과외/,1,added_hierarchy_child_links
C:/Projects/studyhub/output/울산고등과외/index.html,/울산고등과외/,1,added_hierarchy_child_links
C:/Projects/studyhub/output/울산고등수학과외/index.html,/울산고등수학과외/,1,added_hierarchy_child_links
C:/Projects/studyhub/output/울산고등영어과외/index.html,/울산고등영어과외/,1,added_hierarchy_child_links
C:/Projects/studyhub/output/울산과외/index.html,/울산과외/,1,added_hierarchy_child_links
C:/Projects/studyhub/output/울산북구고등과외/index.html,/울산북구고등과외/,3,added_hierarchy_child_links
C:/Projects/studyhub/output/울산북구고등수학과외/index.html,/울산북구고등수학과외/,3,added_hierarchy_child_links
C:/Projects/studyhub/output/울산북구고등영어과외/index.html,/울산북구고등영어과외/,3,added_hierarchy_child_links
C:/Projects/studyhub/output/울산북구과외/index.html,/울산북구과외/,3,added_hierarchy_child_links
C:/Projects/studyhub/output/울산북구수학과외/index.html,/울산북구수학과외/,3,added_hierarchy_child_links
C:/Projects/studyhub/output/울산북구영어과외/index.html,/울산북구영어과외/,3,added_hierarchy_child_links
C:/Projects/studyhub/output/울산북구중등과외/index.html,/울산북구중등과외/,3,added_hierarchy_child_links
C:/Projects/studyhub/output/울산북구중등수학과외/index.html,/울산북구중등수학과외/,3,added_hierarchy_child_links
C:/Projects/studyhub/output/울산북구중등영어과외/index.html,/울산북구중등영어과외/,3,added_hierarchy_child_links
C:/Projects/studyhub/output/울산북구초등과외/index.html,/울산북구초등과외/,3,added_hierarchy_child_links
C:/Projects/studyhub/output/울산북구초등수학과외/index.html,/울산북구초등수학과외/,3,added_hierarchy_child_links
C:/Projects/studyhub/output/울산북구초등영어과외/index.html,/울산북구초등영어과외/,3,added_hierarchy_child_links
C:/Projects/studyhub/output/울산수학과외/index.html,/울산수학과외/,1,added_hierarchy_child_links
C:/Projects/studyhub/output/울산영어과외/index.html,/울산영어과외/,1,added_hierarchy_child_links
C:/Projects/studyhub/output/울산중구고등과외/index.html,/울산중구고등과외/,6,added_hierarchy_child_links
C:/Projects/studyhub/output/울산중구고등수학과외/index.html,/울산중구고등수학과외/,6,added_hierarchy_child_links
C:/Projects/studyhub/output/울산중구고등영어과외/index.html,/울산중구고등영어과외/,6,added_hierarchy_child_links
C:/Projects/studyhub/output/울산중구과외/index.html,/울산중구과외/,6,added_hierarchy_child_links
C:/Projects/studyhub/output/울산중구수학과외/index.html,/울산중구수학과외/,6,added_hierarchy_child_links
C:/Projects/studyhub/output/울산중구영어과외/index.html,/울산중구영어과외/,6,added_hierarchy_child_links
C:/Projects/studyhub/output/울산중구중등과외/index.html,/울산중구중등과외/,6,added_hierarchy_child_links
C:/Projects/studyhub/output/울산중구중등수학과외/index.html,/울산중구중등수학과외/,6,added_hierarchy_child_links
C:/Projects/studyhub/output/울산중구중등영어과외/index.html,/울산중구중등영어과외/,6,added_hierarchy_child_links
C:/Projects/studyhub/output/울산중구초등과외/index.html,/울산중구초등과외/,6,added_hierarchy_child_links
C:/Projects/studyhub/output/울산중구초등수학과외/index.html,/울산중구초등수학과외/,6,added_hierarchy_child_links
C:/Projects/studyhub/output/울산중구초등영어과외/index.html,/울산중구초등영어과외/,6,added_hierarchy_child_links
C:/Projects/studyhub/output/울산중등과외/index.html,/울산중등과외/,1,added_hierarchy_child_links
C:/Projects/studyhub/output/울산중등수학과외/index.html,/울산중등수학과외/,1,added_hierarchy_child_links
C:/Projects/studyhub/output/울산중등영어과외/index.html,/울산중등영어과외/,1,added_hierarchy_child_links
C:/Projects/studyhub/output/울산초등과외/index.html,/울산초등과외/,1,added_hierarchy_child_links
C:/Projects/studyhub/output/울산초등수학과외/index.html,/울산초등수학과외/,1,added_hierarchy_child_links
C:/Projects/studyhub/output/울산초등영어과외/index.html,/울산초등영어과외/,1,added_hierarchy_child_links
C:/Projects/studyhub/output/원미구고등과외/index.html,/원미구고등과외/,2,added_hierarchy_child_links
C:/Projects/studyhub/output/원미구고등수학과외/index.html,/원미구고등수학과외/,2,added_hierarchy_child_links
C:/Projects/studyhub/output/원미구고등영어과외/index.html,/원미구고등영어과외/,2,added_hierarchy_child_links
C:/Projects/studyhub/output/원미구과외/index.html,/원미구과외/,2,added_hierarchy_child_links
C:/Projects/studyhub/output/원미구수학과외/index.html,/원미구수학과외/,2,added_hierarchy_child_links
C:/Projects/studyhub/output/원미구영어과외/index.html,/원미구영어과외/,2,added_hierarchy_child_links
C:/Projects/studyhub/output/원미구중등과외/index.html,/원미구중등과외/,2,added_hierarchy_child_links
C:/Projects/studyhub/output/원미구중등수학과외/index.html,/원미구중등수학과외/,2,added_hierarchy_child_links
C:/Projects/studyhub/output/원미구중등영어과외/index.html,/원미구중등영어과외/,2,added_hierarchy_child_links
C:/Projects/studyhub/output/원미구초등과외/index.html,/원미구초등과외/,2,added_hierarchy_child_links
C:/Projects/studyhub/output/원미구초등수학과외/index.html,/원미구초등수학과외/,1,added_hierarchy_child_links
C:/Projects/studyhub/output/원미구초등영어과외/index.html,/원미구초등영어과외/,2,added_hierarchy_child_links
C:/Projects/studyhub/output/유성구고등과외/index.html,/유성구고등과외/,6,added_hierarchy_child_links
C:/Projects/studyhub/output/유성구고등수학과외/index.html,/유성구고등수학과외/,6,added_hierarchy_child_links
C:/Projects/studyhub/output/유성구고등영어과외/index.html,/유성구고등영어과외/,6,added_hierarchy_child_links
C:/Projects/studyhub/output/유성구과외/index.html,/유성구과외/,6,added_hierarchy_child_links
C:/Projects/studyhub/output/유성구수학과외/index.html,/유성구수학과외/,6,added_hierarchy_child_links
C:/Projects/studyhub/output/유성구영어과외/index.html,/유성구영어과외/,6,added_hierarchy_child_links
C:/Projects/studyhub/output/유성구중등과외/index.html,/유성구중등과외/,6,added_hierarchy_child_links
C:/Projects/studyhub/output/유성구중등수학과외/index.html,/유성구중등수학과외/,6,added_hierarchy_child_links
C:/Projects/studyhub/output/유성구중등영어과외/index.html,/유성구중등영어과외/,6,added_hierarchy_child_links
C:/Projects/studyhub/output/유성구초등과외/index.html,/유성구초등과외/,6,added_hierarchy_child_links
C:/Projects/studyhub/output/유성구초등수학과외/index.html,/유성구초등수학과외/,6,added_hierarchy_child_links
C:/Projects/studyhub/output/유성구초등영어과외/index.html,/유성구초등영어과외/,6,added_hierarchy_child_links
C:/Projects/studyhub/output/은평구고등과외/index.html,/은평구고등과외/,3,added_hierarchy_child_links
C:/Projects/studyhub/output/은평구고등수학과외/index.html,/은평구고등수학과외/,3,added_hierarchy_child_links
C:/Projects/studyhub/output/은평구고등영어과외/index.html,/은평구고등영어과외/,3,added_hierarchy_child_links
C:/Projects/studyhub/output/은평구과외/index.html,/은평구과외/,3,added_hierarchy_child_links
C:/Projects/studyhub/output/은평구수학과외/index.html,/은평구수학과외/,3,added_hierarchy_child_links
C:/Projects/studyhub/output/은평구영어과외/index.html,/은평구영어과외/,3,added_hierarchy_child_links
C:/Projects/studyhub/output/은평구중등과외/index.html,/은평구중등과외/,3,added_hierarchy_child_links
C:/Projects/studyhub/output/은평구중등수학과외/index.html,/은평구중등수학과외/,3,added_hierarchy_child_links
C:/Projects/studyhub/output/은평구중등영어과외/index.html,/은평구중등영어과외/,3,added_hierarchy_child_links
C:/Projects/studyhub/output/은평구초등과외/index.html,/은평구초등과외/,3,added_hierarchy_child_links
C:/Projects/studyhub/output/은평구초등수학과외/index.html,/은평구초등수학과외/,3,added_hierarchy_child_links
C:/Projects/studyhub/output/은평구초등영어과외/index.html,/은평구초등영어과외/,3,added_hierarchy_child_links
C:/Projects/studyhub/output/의정부고등과외/index.html,/의정부고등과외/,4,added_hierarchy_child_links
C:/Projects/studyhub/output/의정부고등수학과외/index.html,/의정부고등수학과외/,4,added_hierarchy_child_links
C:/Projects/studyhub/output/의정부고등영어과외/index.html,/의정부고등영어과외/,4,added_hierarchy_child_links
C:/Projects/studyhub/output/의정부과외/index.html,/의정부과외/,4,added_hierarchy_child_links
C:/Projects/studyhub/output/의정부수학과외/index.html,/의정부수학과외/,4,added_hierarchy_child_links
C:/Projects/studyhub/output/의정부영어과외/index.html,/의정부영어과외/,4,added_hierarchy_child_links
C:/Projects/studyhub/output/의정부중등과외/index.html,/의정부중등과외/,4,added_hierarchy_child_links
C:/Projects/studyhub/output/의정부중등수학과외/index.html,/의정부중등수학과외/,4,added_hierarchy_child_links
C:/Projects/studyhub/output/의정부중등영어과외/index.html,/의정부중등영어과외/,4,added_hierarchy_child_links
C:/Projects/studyhub/output/의정부초등과외/index.html,/의정부초등과외/,4,added_hierarchy_child_links
C:/Projects/studyhub/output/의정부초등수학과외/index.html,/의정부초등수학과외/,4,added_hierarchy_child_links
C:/Projects/studyhub/output/의정부초등영어과외/index.html,/의정부초등영어과외/,4,added_hierarchy_child_links
C:/Projects/studyhub/output/인천고등과외/index.html,/인천고등과외/,2,added_hierarchy_child_links
C:/Projects/studyhub/output/인천고등수학과외/index.html,/인천고등수학과외/,2,added_hierarchy_child_links
C:/Projects/studyhub/output/인천고등영어과외/index.html,/인천고등영어과외/,2,added_hierarchy_child_links
C:/Projects/studyhub/output/인천과외/index.html,/인천과외/,2,added_hierarchy_child_links
C:/Projects/studyhub/output/인천수학과외/index.html,/인천수학과외/,2,added_hierarchy_child_links
C:/Projects/studyhub/output/인천영어과외/index.html,/인천영어과외/,2,added_hierarchy_child_links
C:/Projects/studyhub/output/인천중등과외/index.html,/인천중등과외/,2,added_hierarchy_child_links
C:/Projects/studyhub/output/인천중등수학과외/index.html,/인천중등수학과외/,2,added_hierarchy_child_links
C:/Projects/studyhub/output/인천중등영어과외/index.html,/인천중등영어과외/,2,added_hierarchy_child_links
C:/Projects/studyhub/output/인천초등과외/index.html,/인천초등과외/,2,added_hierarchy_child_links
C:/Projects/studyhub/output/인천초등수학과외/index.html,/인천초등수학과외/,2,added_hierarchy_child_links
C:/Projects/studyhub/output/인천초등영어과외/index.html,/인천초등영어과외/,2,added_hierarchy_child_links
C:/Projects/studyhub/output/일산동구고등과외/index.html,/일산동구고등과외/,1,added_hierarchy_child_links
C:/Projects/studyhub/output/일산동구고등수학과외/index.html,/일산동구고등수학과외/,1,added_hierarchy_child_links
C:/Projects/studyhub/output/일산동구고등영어과외/index.html,/일산동구고등영어과외/,1,added_hierarchy_child_links
C:/Projects/studyhub/output/일산동구과외/index.html,/일산동구과외/,1,added_hierarchy_child_links
C:/Projects/studyhub/output/일산동구수학과외/index.html,/일산동구수학과외/,1,added_hierarchy_child_links
C:/Projects/studyhub/output/일산동구영어과외/index.html,/일산동구영어과외/,1,added_hierarchy_child_links
C:/Projects/studyhub/output/일산동구중등과외/index.html,/일산동구중등과외/,1,added_hierarchy_child_links
C:/Projects/studyhub/output/일산동구중등수학과외/index.html,/일산동구중등수학과외/,1,added_hierarchy_child_links
C:/Projects/studyhub/output/일산동구중등영어과외/index.html,/일산동구중등영어과외/,1,added_hierarchy_child_links
C:/Projects/studyhub/output/일산동구초등과외/index.html,/일산동구초등과외/,1,added_hierarchy_child_links
C:/Projects/studyhub/output/일산동구초등수학과외/index.html,/일산동구초등수학과외/,1,added_hierarchy_child_links
C:/Projects/studyhub/output/일산동구초등영어과외/index.html,/일산동구초등영어과외/,1,added_hierarchy_child_links
C:/Projects/studyhub/output/전국과외/index.html,/전국과외/,19,added_hierarchy_child_links
C:/Projects/studyhub/output/전주고등과외/index.html,/전주고등과외/,5,added_hierarchy_child_links
C:/Projects/studyhub/output/전주고등수학과외/index.html,/전주고등수학과외/,5,added_hierarchy_child_links
C:/Projects/studyhub/output/전주고등영어과외/index.html,/전주고등영어과외/,5,added_hierarchy_child_links
C:/Projects/studyhub/output/전주과외/index.html,/전주과외/,5,added_hierarchy_child_links
C:/Projects/studyhub/output/전주수학과외/index.html,/전주수학과외/,5,added_hierarchy_child_links
C:/Projects/studyhub/output/전주영어과외/index.html,/전주영어과외/,5,added_hierarchy_child_links
C:/Projects/studyhub/output/전주중등과외/index.html,/전주중등과외/,5,added_hierarchy_child_links
C:/Projects/studyhub/output/전주중등수학과외/index.html,/전주중등수학과외/,5,added_hierarchy_child_links
C:/Projects/studyhub/output/전주중등영어과외/index.html,/전주중등영어과외/,5,added_hierarchy_child_links
C:/Projects/studyhub/output/전주초등과외/index.html,/전주초등과외/,5,added_hierarchy_child_links
C:/Projects/studyhub/output/전주초등수학과외/index.html,/전주초등수학과외/,5,added_hierarchy_child_links
C:/Projects/studyhub/output/전주초등영어과외/index.html,/전주초등영어과외/,5,added_hierarchy_child_links
C:/Projects/studyhub/output/중등과외/index.html,/중등과외/,10,added_hierarchy_child_links
C:/Projects/studyhub/output/중등수학과외/index.html,/중등수학과외/,10,added_hierarchy_child_links
C:/Projects/studyhub/output/중등영어과외/index.html,/중등영어과외/,10,added_hierarchy_child_links
C:/Projects/studyhub/output/중랑구고등과외/index.html,/중랑구고등과외/,2,added_hierarchy_child_links
C:/Projects/studyhub/output/중랑구고등수학과외/index.html,/중랑구고등수학과외/,2,added_hierarchy_child_links
C:/Projects/studyhub/output/중랑구고등영어과외/index.html,/중랑구고등영어과외/,2,added_hierarchy_child_links
C:/Projects/studyhub/output/중랑구과외/index.html,/중랑구과외/,2,added_hierarchy_child_links
C:/Projects/studyhub/output/중랑구수학과외/index.html,/중랑구수학과외/,2,added_hierarchy_child_links
C:/Projects/studyhub/output/중랑구영어과외/index.html,/중랑구영어과외/,2,added_hierarchy_child_links
C:/Projects/studyhub/output/중랑구중등과외/index.html,/중랑구중등과외/,2,added_hierarchy_child_links
C:/Projects/studyhub/output/중랑구중등수학과외/index.html,/중랑구중등수학과외/,2,added_hierarchy_child_links
C:/Projects/studyhub/output/중랑구중등영어과외/index.html,/중랑구중등영어과외/,2,added_hierarchy_child_links
C:/Projects/studyhub/output/중랑구초등과외/index.html,/중랑구초등과외/,2,added_hierarchy_child_links
C:/Projects/studyhub/output/중랑구초등수학과외/index.html,/중랑구초등수학과외/,2,added_hierarchy_child_links
C:/Projects/studyhub/output/중랑구초등영어과외/index.html,/중랑구초등영어과외/,2,added_hierarchy_child_links
C:/Projects/studyhub/output/천안고등과외/index.html,/천안고등과외/,5,added_hierarchy_child_links
C:/Projects/studyhub/output/천안고등수학과외/index.html,/천안고등수학과외/,5,added_hierarchy_child_links
C:/Projects/studyhub/output/천안고등영어과외/index.html,/천안고등영어과외/,5,added_hierarchy_child_links
C:/Projects/studyhub/output/천안과외/index.html,/천안과외/,5,added_hierarchy_child_links
C:/Projects/studyhub/output/천안수학과외/index.html,/천안수학과외/,5,added_hierarchy_child_links
C:/Projects/studyhub/output/천안영어과외/index.html,/천안영어과외/,5,added_hierarchy_child_links
C:/Projects/studyhub/output/천안중등과외/index.html,/천안중등과외/,5,added_hierarchy_child_links
C:/Projects/studyhub/output/천안중등수학과외/index.html,/천안중등수학과외/,5,added_hierarchy_child_links
C:/Projects/studyhub/output/천안중등영어과외/index.html,/천안중등영어과외/,5,added_hierarchy_child_links
C:/Projects/studyhub/output/천안초등과외/index.html,/천안초등과외/,5,added_hierarchy_child_links
C:/Projects/studyhub/output/천안초등수학과외/index.html,/천안초등수학과외/,5,added_hierarchy_child_links
C:/Projects/studyhub/output/천안초등영어과외/index.html,/천안초등영어과외/,5,added_hierarchy_child_links
C:/Projects/studyhub/output/청주고등과외/index.html,/청주고등과외/,21,added_hierarchy_child_links
C:/Projects/studyhub/output/청주고등수학과외/index.html,/청주고등수학과외/,21,added_hierarchy_child_links
C:/Projects/studyhub/output/청주고등영어과외/index.html,/청주고등영어과외/,21,added_hierarchy_child_links
C:/Projects/studyhub/output/청주과외/index.html,/청주과외/,21,added_hierarchy_child_links
C:/Projects/studyhub/output/청주수학과외/index.html,/청주수학과외/,21,added_hierarchy_child_links
C:/Projects/studyhub/output/청주영어과외/index.html,/청주영어과외/,21,added_hierarchy_child_links
C:/Projects/studyhub/output/청주중등과외/index.html,/청주중등과외/,21,added_hierarchy_child_links
C:/Projects/studyhub/output/청주중등수학과외/index.html,/청주중등수학과외/,21,added_hierarchy_child_links
C:/Projects/studyhub/output/청주중등영어과외/index.html,/청주중등영어과외/,21,added_hierarchy_child_links
C:/Projects/studyhub/output/청주초등과외/index.html,/청주초등과외/,21,added_hierarchy_child_links
C:/Projects/studyhub/output/청주초등수학과외/index.html,/청주초등수학과외/,21,added_hierarchy_child_links
C:/Projects/studyhub/output/청주초등영어과외/index.html,/청주초등영어과외/,21,added_hierarchy_child_links
C:/Projects/studyhub/output/초등과외/index.html,/초등과외/,10,added_hierarchy_child_links
C:/Projects/studyhub/output/초등수학과외/index.html,/초등수학과외/,10,added_hierarchy_child_links
C:/Projects/studyhub/output/초등영어과외/index.html,/초등영어과외/,10,added_hierarchy_child_links
C:/Projects/studyhub/output/춘천고등과외/index.html,/춘천고등과외/,1,added_hierarchy_child_links
C:/Projects/studyhub/output/춘천고등수학과외/index.html,/춘천고등수학과외/,1,added_hierarchy_child_links
C:/Projects/studyhub/output/춘천고등영어과외/index.html,/춘천고등영어과외/,1,added_hierarchy_child_links
C:/Projects/studyhub/output/춘천과외/index.html,/춘천과외/,1,added_hierarchy_child_links
C:/Projects/studyhub/output/춘천수학과외/index.html,/춘천수학과외/,1,added_hierarchy_child_links
C:/Projects/studyhub/output/춘천영어과외/index.html,/춘천영어과외/,1,added_hierarchy_child_links
C:/Projects/studyhub/output/춘천중등과외/index.html,/춘천중등과외/,1,added_hierarchy_child_links
C:/Projects/studyhub/output/춘천중등수학과외/index.html,/춘천중등수학과외/,1,added_hierarchy_child_links
C:/Projects/studyhub/output/춘천중등영어과외/index.html,/춘천중등영어과외/,1,added_hierarchy_child_links
C:/Projects/studyhub/output/춘천초등과외/index.html,/춘천초등과외/,1,added_hierarchy_child_links
C:/Projects/studyhub/output/춘천초등수학과외/index.html,/춘천초등수학과외/,1,added_hierarchy_child_links
C:/Projects/studyhub/output/춘천초등영어과외/index.html,/춘천초등영어과외/,1,added_hierarchy_child_links
C:/Projects/studyhub/output/파주고등과외/index.html,/파주고등과외/,2,added_hierarchy_child_links
C:/Projects/studyhub/output/파주고등수학과외/index.html,/파주고등수학과외/,2,added_hierarchy_child_links
C:/Projects/studyhub/output/파주고등영어과외/index.html,/파주고등영어과외/,2,added_hierarchy_child_links
C:/Projects/studyhub/output/파주과외/index.html,/파주과외/,2,added_hierarchy_child_links
C:/Projects/studyhub/output/파주수학과외/index.html,/파주수학과외/,2,added_hierarchy_child_links
C:/Projects/studyhub/output/파주영어과외/index.html,/파주영어과외/,2,added_hierarchy_child_links
C:/Projects/studyhub/output/파주중등과외/index.html,/파주중등과외/,2,added_hierarchy_child_links
C:/Projects/studyhub/output/파주중등수학과외/index.html,/파주중등수학과외/,2,added_hierarchy_child_links
C:/Projects/studyhub/output/파주중등영어과외/index.html,/파주중등영어과외/,2,added_hierarchy_child_links
C:/Projects/studyhub/output/파주초등과외/index.html,/파주초등과외/,2,added_hierarchy_child_links
C:/Projects/studyhub/output/파주초등수학과외/index.html,/파주초등수학과외/,2,added_hierarchy_child_links
C:/Projects/studyhub/output/파주초등영어과외/index.html,/파주초등영어과외/,2,added_hierarchy_child_links
C:/Projects/studyhub/output/포항고등과외/index.html,/포항고등과외/,3,added_hierarchy_child_links
C:/Projects/studyhub/output/포항고등수학과외/index.html,/포항고등수학과외/,3,added_hierarchy_child_links
C:/Projects/studyhub/output/포항고등영어과외/index.html,/포항고등영어과외/,3,added_hierarchy_child_links
C:/Projects/studyhub/output/포항과외/index.html,/포항과외/,3,added_hierarchy_child_links
C:/Projects/studyhub/output/포항수학과외/index.html,/포항수학과외/,3,added_hierarchy_child_links
C:/Projects/studyhub/output/포항영어과외/index.html,/포항영어과외/,3,added_hierarchy_child_links
C:/Projects/studyhub/output/포항중등과외/index.html,/포항중등과외/,3,added_hierarchy_child_links
C:/Projects/studyhub/output/포항중등수학과외/index.html,/포항중등수학과외/,3,added_hierarchy_child_links
C:/Projects/studyhub/output/포항중등영어과외/index.html,/포항중등영어과외/,3,added_hierarchy_child_links
C:/Projects/studyhub/output/포항초등과외/index.html,/포항초등과외/,3,added_hierarchy_child_links
C:/Projects/studyhub/output/포항초등수학과외/index.html,/포항초등수학과외/,3,added_hierarchy_child_links
C:/Projects/studyhub/output/포항초등영어과외/index.html,/포항초등영어과외/,3,added_hierarchy_child_links
C:/Projects/studyhub/output/하남고등과외/index.html,/하남고등과외/,7,added_hierarchy_child_links
C:/Projects/studyhub/output/하남고등수학과외/index.html,/하남고등수학과외/,7,added_hierarchy_child_links
C:/Projects/studyhub/output/하남고등영어과외/index.html,/하남고등영어과외/,7,added_hierarchy_child_links
C:/Projects/studyhub/output/하남과외/index.html,/하남과외/,7,added_hierarchy_child_links
C:/Projects/studyhub/output/하남수학과외/index.html,/하남수학과외/,7,added_hierarchy_child_links
C:/Projects/studyhub/output/하남영어과외/index.html,/하남영어과외/,7,added_hierarchy_child_links
C:/Projects/studyhub/output/하남중등과외/index.html,/하남중등과외/,7,added_hierarchy_child_links
C:/Projects/studyhub/output/하남중등수학과외/index.html,/하남중등수학과외/,7,added_hierarchy_child_links
C:/Projects/studyhub/output/하남중등영어과외/index.html,/하남중등영어과외/,7,added_hierarchy_child_links
C:/Projects/studyhub/output/하남초등과외/index.html,/하남초등과외/,7,added_hierarchy_child_links
C:/Projects/studyhub/output/하남초등수학과외/index.html,/하남초등수학과외/,7,added_hierarchy_child_links
C:/Projects/studyhub/output/하남초등영어과외/index.html,/하남초등영어과외/,7,added_hierarchy_child_links
C:/Projects/studyhub/output/화성고등과외/index.html,/화성고등과외/,2,added_hierarchy_child_links
C:/Projects/studyhub/output/화성고등수학과외/index.html,/화성고등수학과외/,2,added_hierarchy_child_links
C:/Projects/studyhub/output/화성고등영어과외/index.html,/화성고등영어과외/,2,added_hierarchy_child_links
C:/Projects/studyhub/output/화성과외/index.html,/화성과외/,2,added_hierarchy_child_links
C:/Projects/studyhub/output/화성수학과외/index.html,/화성수학과외/,2,added_hierarchy_child_links
C:/Projects/studyhub/output/화성영어과외/index.html,/화성영어과외/,2,added_hierarchy_child_links
C:/Projects/studyhub/output/화성중등과외/index.html,/화성중등과외/,2,added_hierarchy_child_links
C:/Projects/studyhub/output/화성중등수학과외/index.html,/화성중등수학과외/,2,added_hierarchy_child_links
C:/Projects/studyhub/output/화성중등영어과외/index.html,/화성중등영어과외/,2,added_hierarchy_child_links
C:/Projects/studyhub/output/화성초등과외/index.html,/화성초등과외/,2,added_hierarchy_child_links
C:/Projects/studyhub/output/화성초등수학과외/index.html,/화성초등수학과외/,2,added_hierarchy_child_links
C:/Projects/studyhub/output/화성초등영어과외/index.html,/화성초등영어과외/,2,added_hierarchy_child_links
